"RR 5,RR 10,SPN,FCFS,Cores:6",12017.15875
"RR 5,RR 10,SPN,FCFS,Cores:8",7127.642000000001
