"RR 5,RR 10,SPN,FCFS,Cores:6",11696.96175
"RR 5,RR 10,SPN,FCFS,Cores:8",6804.3769999999995
